actual_accuracy,predicted_accuracy
0.47989012440697054,0.476763516664505
0.5000904621322643,0.47689855098724365
0.5254801672544311,0.48159369826316833
0.5000100513480292,0.49336010217666626
0.4826657323699356,0.4958769679069519
0.4999712818627733,0.49757739901542664
0.5056833193571733,0.4981909692287445
0.5,0.4984477460384369
0.5001033852940162,0.4984768331050873
0.5093032405546046,0.49862805008888245
0.5,0.4988156259059906
0.4999813332108025,0.4989366829395294
0.5,0.4990638792514801
0.5000732312499282,0.4991316497325897
0.5,0.49924764037132263
0.5000014359068613,0.49954596161842346
0.5,0.49955350160598755
0.5,0.4996017515659332
0.4989417366431944,0.49971702694892883
0.5001981551468646,0.4997326135635376
0.5075715368798317,0.4997539222240448
0.5,0.499782919883728
0.5,0.4998106360435486
0.4950260186323274,0.4998640716075897
0.5,0.4998732805252075
0.5,0.4999009966850281
0.5,0.4999365210533142
0.5,0.49998754262924194
0.4999784613970799,0.5000050067901611
0.5,0.5000231266021729
0.5,0.5000503063201904
0.5,0.5001165866851807
0.5,0.5001612901687622
0.4998305629903622,0.5001643300056458
0.5,0.5002052187919617
0.5,0.5002205967903137
0.5,0.5002205967903137
0.5000373335783947,0.5002418756484985
0.5,0.5002455115318298
0.5,0.5002635717391968
0.5,0.5002796649932861
0.5,0.5002952814102173
0.5000617439950377,0.5003097653388977
0.5,0.5003114938735962
0.5,0.5003474354743958
0.5,0.5003567337989807
0.4994098422799904,0.5003591775894165
0.5,0.500359833240509
0.5,0.5003952383995056
0.49943856041721724,0.500400722026825
0.4999784613970799,0.5004226565361023
0.5063122465624391,0.5004467368125916
0.5,0.5004554390907288
0.5,0.5004606246948242
0.5,0.5004824995994568
0.49971999816203916,0.5004968643188477
0.4999842050245251,0.500518262386322
0.5,0.5005258917808533
0.49835875845749145,0.500556230545044
0.5,0.5005567073822021
0.5,0.5005574822425842
0.49448611765246464,0.5005743503570557
0.5001033852940163,0.5005811452865601
0.5,0.500586211681366
0.5,0.5005883574485779
0.49998707683824795,0.5005947947502136
0.49998707683824795,0.5005993843078613
0.5,0.5006014704704285
0.5,0.5006217956542969
0.5,0.500652551651001
0.5,0.5006603598594666
0.5,0.5006607174873352
0.5,0.5007040500640869
0.5,0.5007047653198242
0.4999985640931386,0.5007262229919434
0.5,0.5007392168045044
0.5,0.5008292198181152
0.5,0.5008335709571838
0.5,0.5008352398872375
0.5,0.5008371472358704
0.5,0.5008424520492554
0.4999913845588321,0.5008553266525269
0.5,0.500892698764801
0.5,0.5008976459503174
0.5065778893317865,0.5008979439735413
0.499685536397367,0.5009270906448364
0.4996783568630604,0.5009313225746155
0.5,0.5009779334068298
0.5,0.5009827017784119
0.500004307720584,0.5009884238243103
0.5,0.5009896755218506
0.5,0.5009901523590088
0.515434562852515,0.5010113716125488
0.4999928204656934,0.5010250210762024
0.5,0.5010425448417664
0.4999755895833574,0.5010507106781006
0.5001421547792724,0.5010519623756409
0.5049955199705927,0.5010538697242737
0.5,0.5010600090026855
0.499995692279416,0.5010649561882019
0.5,0.5010837912559509
0.499995692279416,0.5011084079742432
0.4865182704789036,0.5011101961135864
0.5035007409279403,0.5011125206947327
0.4989316852951651,0.5011184215545654
0.5,0.5011565685272217
0.5,0.5011781454086304
0.4903837317496238,0.5011814832687378
0.4998822556373703,0.5011955499649048
0.5024956061250043,0.5012054443359375
0.4999037942402905,0.5012367367744446
0.5,0.501241147518158
0.5097096021963631,0.5012475848197937
0.5,0.5012502670288086
0.5,0.5013449788093567
0.5,0.5013483762741089
0.4857787784453149,0.5013983845710754
0.4999454355392692,0.5014370679855347
0.5,0.5014798641204834
0.5,0.5015358328819275
0.5,0.5015530586242676
0.49974010085809795,0.5015565752983093
0.5,0.501560628414154
0.4991901485302058,0.5015884637832642
0.4998219475491942,0.5015990734100342
0.5019384742628054,0.5016345977783203
0.5905109530975383,0.5016699433326721
0.5,0.5016883015632629
0.5,0.5016958713531494
0.4993854318633476,0.5017173290252686
0.49999138455883196,0.5017499327659607
0.4996324078434976,0.5020493865013123
0.5055095746269515,0.5021324157714844
0.5,0.502180278301239
0.4980227562519386,0.5022279024124146
0.5,0.5022420287132263
0.5093075482751886,0.5023075342178345
0.5231439467910352,0.5023161172866821
0.5160634900577808,0.502356231212616
0.49996553823532797,0.5023682713508606
0.5,0.5024979710578918
0.5292982435987272,0.5025179386138916
0.5095186265838053,0.5025487542152405
0.4970707500028717,0.5025790929794312
0.5,0.502636730670929
0.5012994957095102,0.5026472806930542
0.5,0.502829372882843
0.5,0.5029037594795227
0.5167512894443616,0.5029395818710327
0.5106170953327284,0.5031353831291199
0.505648857592501,0.5032155513763428
0.4999770254902186,0.5032165050506592
0.5,0.5032265782356262
0.5,0.5032265782356262
0.5210475227734828,0.5033379197120667
0.5,0.5035168528556824
0.4962034622586241,0.5035450458526611
0.5,0.5035905241966248
0.530477123131885,0.5036178231239319
0.5109904311166761,0.5037817358970642
0.505648857592501,0.5038034915924072
0.5305618416367041,0.5039185881614685
0.5000014359068613,0.5040076971054077
0.5108482763374036,0.5041864514350891
0.5065620943563117,0.5044982433319092
0.49920450759881907,0.5046650171279907
0.5,0.5048372745513916
0.5135334221681046,0.504849374294281
0.5087992372462752,0.5052522420883179
0.5,0.5057427287101746
0.5,0.5060142278671265
0.5,0.5061578750610352
0.5085565689867092,0.5076402425765991
0.4998951787991225,0.5078951120376587
0.4999325123775171,0.510761559009552
0.5015019585769588,0.5110178589820862
0.5,0.5115920901298523
0.5020935522038298,0.5139421820640564
0.49949886850539316,0.5150537490844727
0.4999325123775171,0.5162273049354553
0.49977312671590857,0.5182526111602783
0.5210733690969869,0.5360721349716187
0.5721011912283323,0.6372700929641724
